indicador,valor
MSE,1.025024084810866e-05
RMSE,0.003201599732650642
MAPE,2.7975548829112773
